{
    "code": 200,
    "data": [
        {
            "title": "风起东方日日新",
            "index": 1,
            "hotValue": "493.6万",
            "link": "https://www.baidu.com/s?word=风起东方日日新"
        },
        {
            "title": "400多万中国医生的收入究竟高不高",
            "index": 2,
            "hotValue": "496.2万",
            "link": "https://www.baidu.com/s?word=400多万中国医生的收入究竟高不高"
        },
        {
            "title": "公安部抓获2300余名行业内鬼",
            "index": 3,
            "hotValue": "481.0万",
            "link": "https://www.baidu.com/s?word=公安部抓获2300余名行业内鬼"
        },
        {
            "title": "齐心协力重建自己的家园",
            "index": 4,
            "hotValue": "478.1万",
            "link": "https://www.baidu.com/s?word=齐心协力重建自己的家园"
        },
        {
            "title": "县政府回应女子与镇干部夜游溺亡",
            "index": 5,
            "hotValue": "462.5万",
            "link": "https://www.baidu.com/s?word=县政府回应女子与镇干部夜游溺亡"
        },
        {
            "title": "高叶狂飙后首部电视剧",
            "index": 6,
            "hotValue": "451.7万",
            "link": "https://www.baidu.com/s?word=高叶狂飙后首部电视剧"
        },
        {
            "title": "男子背140斤冰柜上峨眉山卖水",
            "index": 7,
            "hotValue": "449.0万",
            "link": "https://www.baidu.com/s?word=男子背140斤冰柜上峨眉山卖水"
        },
        {
            "title": "一键解锁入秋好物",
            "index": 8,
            "hotValue": "432.3万",
            "link": "https://www.baidu.com/s?word=一键解锁入秋好物"
        },
        {
            "title": "媒体：医药反腐要警惕某些怪论",
            "index": 9,
            "hotValue": "421.1万",
            "link": "https://www.baidu.com/s?word=媒体：医药反腐要警惕某些怪论"
        },
        {
            "title": "雷军建议大家少刷手机",
            "index": 10,
            "hotValue": "413.3万",
            "link": "https://www.baidu.com/s?word=雷军建议大家少刷手机"
        },
        {
            "title": "杭州女生获奖百万哭着感谢张大大",
            "index": 11,
            "hotValue": "406.4万",
            "link": "https://www.baidu.com/s?word=杭州女生获奖百万哭着感谢张大大"
        }
    ],
    "msg": "请求成功"
}